{"nodes":{"node:1":{"group_size":{"x":362,"y":300},"location":{"x":210,"y":60}}},"selection":["node:1"],"view":{"scroll":{"x":94.1784286499023438,"y":60.9163589477539063},"zoom":1.24999988079071045}}