{"nodes":{"node:1":{"location":{"x":536,"y":-52}}},"selection":null,"view":{"scroll":{"x":12.3000411987304688,"y":-67.8631210327148438},"zoom":0.75}}