{"nodes":{"node:1":{"location":{"x":136,"y":4}}},"selection":null,"view":{"scroll":{"x":3.300018310546875,"y":-53.8631210327148438},"zoom":0.75}}